method,path,file,line
GET,/sentry-debug,backend/fastapi_app.py,398
POST,/api/v2/eom/nominations/suggest-category,backend/fastapi_app.py,626
POST,/api/v2/eom/nominations/submit,backend/fastapi_app.py,644
POST,/api/v2/eom/nominations/validate,backend/fastapi_app.py,792
POST,/api/v2/eom/nominations/batch-validate,backend/fastapi_app.py,823
GET,/api/v2/eom/nominations/cycle/{cycle_id},backend/fastapi_app.py,861
POST,/api/v2/eom/vote,backend/fastapi_app.py,918
GET,/api/v2/eom/winners/{cycle_id},backend/fastapi_app.py,975
POST,/api/v2/eom/rotation-rules/create,backend/fastapi_app.py,1034
PUT,/api/v2/eom/rotation-rules/{rule_id},backend/fastapi_app.py,1064
GET,/api/v2/eom/rotation-rules/cycle/{cycle_id},backend/fastapi_app.py,1095
POST,/api/v2/eom/rotation-rules/check-eligibility,backend/fastapi_app.py,1130
GET,/api/v2/eom/rotation-rules/eligible-nominees/{eom_cycle_id},backend/fastapi_app.py,1147
GET,/api/v2/eom/rotation-rules/ineligible-nominees/{eom_cycle_id},backend/fastapi_app.py,1183
POST,/api/v2/eom/rotation-rules/setup-defaults/{cycle_id},backend/fastapi_app.py,1205
GET,/api/v2/eom/rotation-rules/analytics/{cycle_id},backend/fastapi_app.py,1236
GET,/api/v2/eom/rotation-rules/nominee-history/{nominee_email},backend/fastapi_app.py,1259
GET,/api/v2/eom/rotation-rules/summary/{cycle_id},backend/fastapi_app.py,1276
POST,/api/v2/eom/rotation-rules/update-eligibility-flags/{eom_cycle_id},backend/fastapi_app.py,1291
GET,/api/v2/mre/assignments/{cycle_id},backend/fastapi_app.py,1311
POST,/api/v2/mre/evaluations/process,backend/fastapi_app.py,1377
GET,/api/v2/mre/evaluations/{cycle_id}/weighted-scores,backend/fastapi_app.py,1483
POST,/api/v2/bias/reports/generate,backend/fastapi_app.py,1517
GET,/api/v2/bias/reports/{cycle_id},backend/fastapi_app.py,1551
GET,/api/v2/bias/reports/{cycle_id}/target/{target_email},backend/fastapi_app.py,1563
GET,/api/v2/bias/analytics/{cycle},backend/fastapi_app.py,1579
POST,/api/v2/bias/ai/analyze-evaluation/{evaluation_id},backend/fastapi_app.py,1596
POST,/api/v2/bias/ai/analyze-evaluation/{evaluation_id},backend/fastapi_app.py,1621
POST,/api/v2/bias/360/context-aware-report/{cycle_id},backend/fastapi_app.py,1646
GET,/api/v2/bias/360/context-analysis/{cycle_id}/target/{email},backend/fastapi_app.py,1668
GET,/api/v2/bias/360/context-comparison/{cycle_id},backend/fastapi_app.py,1689
GET,/api/v2/bias/360/context-coverage/{cycle_id},backend/fastapi_app.py,1726
GET,/api/v2/scoring/academic-admin/{cycle_id}/score/{email},backend/fastapi_app.py,1763
GET,/api/v2/scoring/academic-admin/{cycle_id}/batch,backend/fastapi_app.py,1798
GET,/api/v2/scoring/academic-admin/{cycle_id}/compare,backend/fastapi_app.py,1829
GET,/api/v2/scoring/academic-admin/{cycle_id}/distribution,backend/fastapi_app.py,1855
GET,/api/v2/scoring/academic-admin/{cycle_id}/validate,backend/fastapi_app.py,1876
GET,/api/v2/scoring/academic-admin/weight-matrices,backend/fastapi_app.py,1897
GET,/api/v2/scoring/optimized/batch/{cycle_id},backend/fastapi_app.py,1922
GET,/api/v2/scoring/optimized/statistics/{cycle_id},backend/fastapi_app.py,1966
GET,/api/v2/scoring/optimized/compare/{cycle_id},backend/fastapi_app.py,1985
POST,/api/v2/reports/ceo/export,backend/fastapi_app.py,2005
GET,/api/v2/reports/ceo/{cycle_id},backend/fastapi_app.py,2192
GET,/api/v2/cycles,backend/fastapi_app.py,2241
POST,/api/v2/cycles,backend/fastapi_app.py,2263
PUT,/api/v2/cycles/{cycle_id},backend/fastapi_app.py,2315
GET,/api/v2/cycles/current,backend/fastapi_app.py,2363
GET,/api/v2/cycles/{cycle_id},backend/fastapi_app.py,2392
GET,/api/v2/people,backend/fastapi_app.py,2459
GET,/api/v2/people/{email},backend/fastapi_app.py,2495
GET,/api/v2/people/segment/{segment},backend/fastapi_app.py,2524
POST,/api/v2/people,backend/fastapi_app.py,2549
PUT,/api/v2/people/{email},backend/fastapi_app.py,2591
GET,/api/v2/health,backend/fastapi_app.py,2644
GET,/api/v2/health/simple,backend/fastapi_app.py,2650
GET,/api/v2/health/database,backend/fastapi_app.py,2660
GET,/api/v2/health/pool,backend/fastapi_app.py,2671
GET,/api/v2/health/config,backend/fastapi_app.py,2686
POST,/api/v2/auth/password-recovery,backend/fastapi_app.py,2758
POST,/api/v2/objections,backend/fastapi_app.py,2920
GET,/api/v2/objections,backend/fastapi_app.py,2968
POST,/api/v2/objections/{objection_id}/resolve,backend/fastapi_app.py,3028
POST,/api/v2/announcements,backend/fastapi_app.py,3080
GET,/api/v2/announcements,backend/fastapi_app.py,3121
GET,/api/v2/announcements/{announcement_id},backend/fastapi_app.py,3190
PUT,/api/v2/announcements/{announcement_id},backend/fastapi_app.py,3235
DELETE,/api/v2/announcements/{announcement_id},backend/fastapi_app.py,3285
GET,/api/v2/notifications,backend/fastapi_app.py,3313
POST,/api/v2/notifications/{notification_id}/read,backend/fastapi_app.py,3354
POST,/api/v2/notifications/read-all,backend/fastapi_app.py,3387
GET,/api/v2/notifications/user-behavior/{user_email},backend/fastapi_app.py,3412
POST,/api/v2/notifications/smart-reminder/{cycle_id},backend/fastapi_app.py,3429
POST,/api/v2/notifications/check-overdue/{cycle_id},backend/fastapi_app.py,3489
POST,/api/v2/notifications/due-soon-reminders/{cycle_id},backend/fastapi_app.py,3512
POST,/api/v2/survey/identity/preference,backend/fastapi_app.py,3562
POST,/api/v2/survey/identity/reveal,backend/fastapi_app.py,3585
GET,/api/v2/survey/identity/status/{user_email},backend/fastapi_app.py,3615
POST,/api/v2/survey/identity/revoke-anonymity,backend/fastapi_app.py,3643
POST,/api/v2/survey/identity/conditional-reveal,backend/fastapi_app.py,3684
GET,/api/v2/survey/identity/conditional-reveal/check-triggers/{user_email},backend/fastapi_app.py,3720
POST,/api/v2/survey/identity/conditional-reveal/execute/{user_email},backend/fastapi_app.py,3746
POST,/api/v2/hybrid-identity/initialize-session,backend/fastapi_app.py,3824
POST,/api/v2/hybrid-identity/create-survey-session,backend/fastapi_app.py,3867
POST,/api/v2/hybrid-identity/submit-response,backend/fastapi_app.py,3916
POST,/api/v2/hybrid-identity/switch-mode,backend/fastapi_app.py,3975
POST,/api/v2/hybrid-identity/process-reveal-request,backend/fastapi_app.py,4000
GET,/api/v2/hybrid-identity/analyze-survey-data,backend/fastapi_app.py,4025
GET,/api/v2/surveys,backend/fastapi_app.py,4070
GET,/api/v2/surveys/{survey_id},backend/fastapi_app.py,4104
POST,/api/v2/surveys,backend/fastapi_app.py,4133
PUT,/api/v2/surveys/{survey_id},backend/fastapi_app.py,4156
GET,/api/v2/surveys/{survey_id}/questions,backend/fastapi_app.py,4185
GET,/api/v2/surveys/{survey_id}/responses,backend/fastapi_app.py,4218
POST,/api/v2/surveys/responses,backend/fastapi_app.py,4272
GET,/api/v2/surveys/{survey_id}/analytics,backend/fastapi_app.py,4319
GET,/api/v2/notifications/unread-count,backend/fastapi_app.py,4356
POST,/api/v2/notifications/mark-read,backend/fastapi_app.py,4375
GET,/api/v2/objections/{objection_id},backend/fastapi_app.py,4405
GET,/api/v2/reports/bias/{cycle_id},backend/fastapi_app.py,4437
GET,/api/v2/reports/participation/{cycle_id},backend/fastapi_app.py,4448
GET,/api/v2/analytics/bias/{cycle_id},backend/fastapi_app.py,4463
GET,/api/v2/analytics/eom/{cycle_id},backend/fastapi_app.py,4474
GET,/api/v2/analytics/mre/{cycle_id},backend/fastapi_app.py,4506
GET,/api/v2/survey-templates/comprehensive,backend/fastapi_app.py,4529
GET,/api/v2/survey-templates/section/{category},backend/fastapi_app.py,4546
GET,/api/v2/admin/dashboard,backend/fastapi_app.py,4567
GET,/api/v2/admin/dashboard/overview-cards,backend/fastapi_app.py,4597
GET,/api/v2/admin/dashboard/real-time-metrics,backend/fastapi_app.py,4616
GET,/api/v2/admin/dashboard/identity-analytics,backend/fastapi_app.py,4635
GET,/api/v2/admin/settings,backend/fastapi_app.py,4707
PUT,/api/v2/admin/settings,backend/fastapi_app.py,4733
POST,/api/v2/admin/settings,backend/fastapi_app.py,4768
POST,/api/v2/integration/hr/setup,backend/fastapi_app.py,4836
GET,/api/v2/integration/evaluation-bridge,backend/fastapi_app.py,4858
POST,/api/v2/integration/sync/staff,backend/fastapi_app.py,4873
POST,/api/v2/integration/sync/evaluation,backend/fastapi_app.py,4888
POST,/api/v2/system/setup,backend/fastapi_app.py,4917
GET,/api/v2/system/go-live-checklist,backend/fastapi_app.py,4938
GET,/api/v2/audit-logs,backend/fastapi_app.py,4955
POST,/api/v2/admin/permissions/grant,backend/fastapi_app.py,5052
POST,/api/v2/admin/permissions/revoke,backend/fastapi_app.py,5112
GET,/api/v2/admin/permissions/{user_email},backend/fastapi_app.py,5151
POST,/api/v2/staff/{email}/assign-evaluators,backend/fastapi_app.py,5207
PUT,/api/v2/staff/{email}/evaluators,backend/fastapi_app.py,5247
GET,/api/v2/staff/{email}/evaluators,backend/fastapi_app.py,5287
GET,/api/v2/evaluation-matrix/{cycle_id},backend/fastapi_app.py,5325
GET,/api/v2/staff/{email}/evaluation-status,backend/fastapi_app.py,5344
POST,/api/v2/import/staff,backend/fastapi_app.py,5418
POST,/api/v2/import/eom-voters,backend/fastapi_app.py,5442
POST,/api/v2/import/eom-candidates,backend/fastapi_app.py,5472
POST,/api/v2/import/weight-matrix,backend/fastapi_app.py,5495
GET,/api/v2/analytics/participation/{cycle_id},backend/fastapi_app.py,5520
GET,/api/v2/eom/hall-of-fame,backend/fastapi_app.py,5553
GET,/api/v2/eom/diversity-tracking,backend/fastapi_app.py,5588
POST,/api/v2/eom/feedback,backend/fastapi_app.py,5620
GET,/api/v2/eom/cycles/{cycle_id}/window-status,backend/fastapi_app.py,5649
GET,/,backend/fastapi_app.py,5675
