schema,table,policy,command,roles,file,line
public,survey_conditional_reveals,survey_conditional_reveals_select,ALL,,supabase/migrations/20240101000015_conditional_anonymity_engine.sql,48
public,survey_conditional_reveals,survey_conditional_reveals_insert,ALL,,supabase/migrations/20240101000015_conditional_anonymity_engine.sql,54
public,survey_conditional_reveals,survey_conditional_reveals_update,ALL,,supabase/migrations/20240101000015_conditional_anonymity_engine.sql,59
public,survey_conditional_reveals,survey_conditional_reveals_delete,ALL,,supabase/migrations/20240101000015_conditional_anonymity_engine.sql,64
public,survey_conditional_reveals,survey_conditional_reveals_service_role_select,ALL,,supabase/migrations/20240101000015_conditional_anonymity_engine.sql,70
public,survey_conditional_reveals,survey_conditional_reveals_service_role_insert,ALL,,supabase/migrations/20240101000015_conditional_anonymity_engine.sql,75
public,survey_conditional_reveals,survey_conditional_reveals_service_role_update,ALL,,supabase/migrations/20240101000015_conditional_anonymity_engine.sql,80
public,survey_conditional_reveals,survey_conditional_reveals_service_role_delete,ALL,,supabase/migrations/20240101000015_conditional_anonymity_engine.sql,86
public,hybrid_identity_sessions,hybrid_identity_sessions_select,ALL,,supabase/migrations/20240101000021_hybrid_identity_sessions.sql,26
public,hybrid_identity_sessions,hybrid_identity_sessions_insert,ALL,,supabase/migrations/20240101000021_hybrid_identity_sessions.sql,31
public,hybrid_identity_sessions,hybrid_identity_sessions_update,ALL,,supabase/migrations/20240101000021_hybrid_identity_sessions.sql,36
public,hybrid_identity_sessions,hybrid_identity_sessions_delete,ALL,,supabase/migrations/20240101000021_hybrid_identity_sessions.sql,41
public,hybrid_identity_sessions,hybrid_identity_sessions_service_role_select,ALL,,supabase/migrations/20240101000021_hybrid_identity_sessions.sql,47
public,hybrid_identity_sessions,hybrid_identity_sessions_service_role_insert,ALL,,supabase/migrations/20240101000021_hybrid_identity_sessions.sql,52
public,hybrid_identity_sessions,hybrid_identity_sessions_service_role_update,ALL,,supabase/migrations/20240101000021_hybrid_identity_sessions.sql,57
public,hybrid_identity_sessions,hybrid_identity_sessions_service_role_delete,ALL,,supabase/migrations/20240101000021_hybrid_identity_sessions.sql,63
public,survey_identity_preferences,survey_identity_preferences_select,ALL,,supabase/migrations/20240101000014_survey_identity_system.sql,67
public,survey_identity_preferences,survey_identity_preferences_insert,ALL,,supabase/migrations/20240101000014_survey_identity_system.sql,73
public,survey_identity_preferences,survey_identity_preferences_update,ALL,,supabase/migrations/20240101000014_survey_identity_system.sql,78
public,survey_identity_preferences,survey_identity_preferences_delete,ALL,,supabase/migrations/20240101000014_survey_identity_system.sql,83
public,survey_identity_preferences,survey_identity_preferences_service_role_select,ALL,,supabase/migrations/20240101000014_survey_identity_system.sql,89
public,survey_identity_preferences,survey_identity_preferences_service_role_insert,ALL,,supabase/migrations/20240101000014_survey_identity_system.sql,94
public,survey_identity_preferences,survey_identity_preferences_service_role_update,ALL,,supabase/migrations/20240101000014_survey_identity_system.sql,99
public,survey_identity_preferences,survey_identity_preferences_service_role_delete,ALL,,supabase/migrations/20240101000014_survey_identity_system.sql,105
public,survey_identity_reveals,survey_identity_reveals_select,ALL,,supabase/migrations/20240101000014_survey_identity_system.sql,111
public,survey_identity_reveals,survey_identity_reveals_insert,ALL,,supabase/migrations/20240101000014_survey_identity_system.sql,117
public,survey_identity_reveals,survey_identity_reveals_service_role_select,ALL,,supabase/migrations/20240101000014_survey_identity_system.sql,123
public,survey_identity_reveals,survey_identity_reveals_service_role_insert,ALL,,supabase/migrations/20240101000014_survey_identity_system.sql,128
public,survey_identity_reveals,survey_identity_reveals_service_role_update,ALL,,supabase/migrations/20240101000014_survey_identity_system.sql,133
public,survey_identity_reveals,survey_identity_reveals_service_role_delete,ALL,,supabase/migrations/20240101000014_survey_identity_system.sql,139
public,notifications,notifications_service_role_select,ALL,,supabase/migrations/20240101000016_add_missing_models.sql,454
public,notifications,notifications_service_role_insert,ALL,,supabase/migrations/20240101000016_add_missing_models.sql,460
public,notifications,notifications_service_role_update,ALL,,supabase/migrations/20240101000016_add_missing_models.sql,466
public,notifications,notifications_service_role_delete,ALL,,supabase/migrations/20240101000016_add_missing_models.sql,473
public,objections,objections_service_role_insert,ALL,,supabase/migrations/20240101000016_add_missing_models.sql,509
public,objections,objections_service_role_update,ALL,,supabase/migrations/20240101000016_add_missing_models.sql,515
public,objections,objections_service_role_delete,ALL,,supabase/migrations/20240101000016_add_missing_models.sql,522
public,survey_responses,survey_responses_select_own,ALL,,supabase/migrations/20240101000016_add_missing_models.sql,568
public,survey_responses,survey_responses_insert_own,ALL,,supabase/migrations/20240101000016_add_missing_models.sql,578
public,survey_responses,survey_responses_service_role_select,ALL,,supabase/migrations/20240101000016_add_missing_models.sql,595
public,survey_responses,survey_responses_service_role_insert,ALL,,supabase/migrations/20240101000016_add_missing_models.sql,601
public,survey_responses,survey_responses_service_role_update,ALL,,supabase/migrations/20240101000016_add_missing_models.sql,607
public,survey_responses,survey_responses_service_role_delete,ALL,,supabase/migrations/20240101000016_add_missing_models.sql,614
public,surveys,surveys_select_active,ALL,,supabase/migrations/20240101000016_add_missing_models.sql,626
public,survey_questions,survey_questions_select_active,ALL,,supabase/migrations/20240101000016_add_missing_models.sql,638
public,surveys,surveys_service_role_insert,ALL,,supabase/migrations/20240101000016_add_missing_models.sql,658
public,surveys,surveys_service_role_update,ALL,,supabase/migrations/20240101000016_add_missing_models.sql,664
public,surveys,surveys_service_role_delete,ALL,,supabase/migrations/20240101000016_add_missing_models.sql,671
public,survey_questions,survey_questions_service_role_insert,ALL,,supabase/migrations/20240101000016_add_missing_models.sql,684
public,survey_questions,survey_questions_service_role_update,ALL,,supabase/migrations/20240101000016_add_missing_models.sql,690
public,survey_questions,survey_questions_service_role_delete,ALL,,supabase/migrations/20240101000016_add_missing_models.sql,697
public,variance_alerts,variance_alerts_select_admin,ALL,,supabase/migrations/20240101000016_add_missing_models.sql,709
public,variance_alerts,variance_alerts_service_role_insert,ALL,,supabase/migrations/20240101000016_add_missing_models.sql,722
public,variance_alerts,variance_alerts_service_role_update,ALL,,supabase/migrations/20240101000016_add_missing_models.sql,728
public,variance_alerts,variance_alerts_service_role_delete,ALL,,supabase/migrations/20240101000016_add_missing_models.sql,735
public,objections,objections_select,SELECT,,supabase/migrations/20240101000012_add_new_features.sql,230
public,announcements,announcements_select,SELECT,,supabase/migrations/20240101000012_add_new_features.sql,238
public,notifications,notifications_select,SELECT,,supabase/migrations/20240101000012_add_new_features.sql,248
public,notifications,notifications_select,SELECT,,supabase/migrations/20240101000012_add_new_features.sql,254
public,surveys,surveys_select,SELECT,,supabase/migrations/20240101000012_add_new_features.sql,264
public,feedback,feedback_select,SELECT,,supabase/migrations/20240101000012_add_new_features.sql,272
public,email_notifications,email_notifications_select,SELECT,,supabase/migrations/20240101000026_rls_announcements_email_settings.sql,5
public,email_notifications,email_notifications_insert,INSERT,,supabase/migrations/20240101000026_rls_announcements_email_settings.sql,6
public,email_notifications,email_notifications_update,UPDATE,,supabase/migrations/20240101000026_rls_announcements_email_settings.sql,7
public,email_notifications,email_notifications_delete,DELETE,,supabase/migrations/20240101000026_rls_announcements_email_settings.sql,8
public,system_settings,system_settings_select,SELECT,,supabase/migrations/20240101000026_rls_announcements_email_settings.sql,11
public,system_settings,system_settings_insert,INSERT,,supabase/migrations/20240101000026_rls_announcements_email_settings.sql,12
public,system_settings,system_settings_update,UPDATE,,supabase/migrations/20240101000026_rls_announcements_email_settings.sql,13
public,system_settings,system_settings_delete,DELETE,,supabase/migrations/20240101000026_rls_announcements_email_settings.sql,14
public,eval_rater_rules,eval_rater_rules_select,ALL,,supabase/migrations/20240101000005_fix_security_issues.sql,202
public,eval_rater_rules,eval_rater_rules_insert,ALL,,supabase/migrations/20240101000005_fix_security_issues.sql,209
public,eval_rater_rules,eval_rater_rules_update,ALL,,supabase/migrations/20240101000005_fix_security_issues.sql,214
public,eval_rater_rules,eval_rater_rules_delete,ALL,,supabase/migrations/20240101000005_fix_security_issues.sql,220
public,eval_domain_rules,eval_domain_rules_select,ALL,,supabase/migrations/20240101000005_fix_security_issues.sql,230
public,eval_domain_rules,eval_domain_rules_insert,ALL,,supabase/migrations/20240101000005_fix_security_issues.sql,237
public,eval_domain_rules,eval_domain_rules_update,ALL,,supabase/migrations/20240101000005_fix_security_issues.sql,242
public,eval_domain_rules,eval_domain_rules_delete,ALL,,supabase/migrations/20240101000005_fix_security_issues.sql,248
public,voters,voters_select,ALL,,supabase/migrations/20240101000005_fix_security_issues.sql,258
public,voters,voters_insert,ALL,,supabase/migrations/20240101000005_fix_security_issues.sql,265
public,voters,voters_update,ALL,,supabase/migrations/20240101000005_fix_security_issues.sql,270
public,voters,voters_delete,ALL,,supabase/migrations/20240101000005_fix_security_issues.sql,276
public,winners,winners_select,ALL,,supabase/migrations/20240101000005_fix_security_issues.sql,286
public,winners,winners_insert,ALL,,supabase/migrations/20240101000005_fix_security_issues.sql,293
public,winners,winners_update,ALL,,supabase/migrations/20240101000005_fix_security_issues.sql,298
public,winners,winners_delete,ALL,,supabase/migrations/20240101000005_fix_security_issues.sql,304
public,school_terms,school_terms_select,ALL,,supabase/migrations/20240101000005_fix_security_issues.sql,314
public,school_terms,school_terms_insert,ALL,,supabase/migrations/20240101000005_fix_security_issues.sql,321
public,school_terms,school_terms_update,ALL,,supabase/migrations/20240101000005_fix_security_issues.sql,326
public,school_terms,school_terms_delete,ALL,,supabase/migrations/20240101000005_fix_security_issues.sql,332
