ui_route,api_method,api_path,ui_ref,call_ref
/eom/nominate,GET,/api/v2/cycles/current,frontend/src/App.jsx:82,frontend/src/components/eom/EOMNomination.jsx:58
/eom/nominate,GET,/api/v2/eom/rotation-rules/eligible-nominees/${cycleId},frontend/src/App.jsx:82,frontend/src/components/eom/EOMNomination.jsx:83
/eom/nominate,POST,/api/v2/eom/nominations/validate,frontend/src/App.jsx:82,frontend/src/components/eom/EOMNomination.jsx:119
/eom/nominate,POST,/api/v2/eom/nominations/submit,frontend/src/App.jsx:82,frontend/src/components/eom/EOMNomination.jsx:123
/eom/nominate,GET,/api/v2/eom/nominations/cycle/${cycleId},frontend/src/App.jsx:82,frontend/src/components/eom/EOMNomination.jsx:202
/eom/nominate,POST,/api/v2/eom/vote,frontend/src/App.jsx:82,frontend/src/components/eom/EOMNomination.jsx:214
/eom/nominate,POST,/api/v2/objections,frontend/src/App.jsx:82,frontend/src/components/eom/EOMNomination.jsx:241
/eom/vote,GET,/api/v2/cycles/current,frontend/src/App.jsx:83,frontend/src/components/eom/EOMNomination.jsx:58
/eom/vote,GET,/api/v2/eom/rotation-rules/eligible-nominees/${cycleId},frontend/src/App.jsx:83,frontend/src/components/eom/EOMNomination.jsx:83
/eom/vote,POST,/api/v2/eom/nominations/validate,frontend/src/App.jsx:83,frontend/src/components/eom/EOMNomination.jsx:119
/eom/vote,POST,/api/v2/eom/nominations/submit,frontend/src/App.jsx:83,frontend/src/components/eom/EOMNomination.jsx:123
/eom/vote,GET,/api/v2/eom/nominations/cycle/${cycleId},frontend/src/App.jsx:83,frontend/src/components/eom/EOMNomination.jsx:202
/eom/vote,POST,/api/v2/eom/vote,frontend/src/App.jsx:83,frontend/src/components/eom/EOMNomination.jsx:214
/eom/vote,POST,/api/v2/objections,frontend/src/App.jsx:83,frontend/src/components/eom/EOMNomination.jsx:241
/eom/feedback,POST,/api/v2/eom/feedback,frontend/src/App.jsx:86,frontend/src/components/eom/EOMFeedbackForm.jsx:14
/mre/evaluate,GET,/api/v2/cycles/current,frontend/src/App.jsx:87,frontend/src/components/mre/MREEvaluation.jsx:41
/mre/evaluate,GET,/api/v2/mre/assignments/${cycleId},frontend/src/App.jsx:87,frontend/src/components/mre/MREEvaluation.jsx:59
/mre/evaluate,POST,/api/v2/mre/evaluations/process,frontend/src/App.jsx:87,frontend/src/components/mre/MREEvaluation.jsx:67
/admin/cycles,GET,/api/v2/cycles,frontend/src/App.jsx:88,frontend/src/components/admin/CycleManagement.jsx:24
/admin/cycles,POST,/api/v2/cycles,frontend/src/App.jsx:88,frontend/src/components/admin/CycleManagement.jsx:37
/admin/cycles,PUT,/api/v2/cycles/${id},frontend/src/App.jsx:88,frontend/src/components/admin/CycleManagement.jsx:43
/admin/cycles,PUT,/api/v2/cycles/${id},frontend/src/App.jsx:88,frontend/src/components/admin/CycleManagement.jsx:88
/admin/staff,GET,/api/v2/cycles/current,frontend/src/App.jsx:89,frontend/src/components/admin/EvaluatorManagement.jsx:27
/admin/staff,GET,/api/v2/staff/${email}/evaluation-status,frontend/src/App.jsx:89,frontend/src/components/admin/EvaluatorManagement.jsx:39
/admin/staff,GET,/api/v2/people,frontend/src/App.jsx:89,frontend/src/components/admin/EvaluatorManagement.jsx:51
/admin/staff,POST,/api/v2/staff/${email}/assign-evaluators,frontend/src/App.jsx:89,frontend/src/components/admin/EvaluatorManagement.jsx:61
/admin/staff,PUT,/api/v2/staff/${email}/evaluators,frontend/src/App.jsx:89,frontend/src/components/admin/EvaluatorManagement.jsx:95
/admin/staff,PUT,/api/v2/staff/${email}/evaluators,frontend/src/App.jsx:89,frontend/src/components/admin/EvaluatorManagement.jsx:123
/admin/staff,PUT,/api/v2/staff/${email}/evaluators,frontend/src/App.jsx:89,frontend/src/components/admin/EvaluatorManagement.jsx:156
/admin/staff,GET,/api/v2/people,frontend/src/App.jsx:89,frontend/src/components/admin/StaffManagement.jsx:30
/admin/staff,PUT,/api/v2/people/${encodeURIComponent(email)},frontend/src/App.jsx:89,frontend/src/components/admin/StaffManagement.jsx:46
/admin/staff,POST,/api/v2/people,frontend/src/App.jsx:89,frontend/src/components/admin/StaffManagement.jsx:49
/admin/staff,GET,/api/v2/cycles/current,frontend/src/App.jsx:89,frontend/src/components/admin/StaffManagement.jsx:59
/admin/staff,POST,/api/v2/staff/${email}/assign-evaluators,frontend/src/App.jsx:89,frontend/src/components/admin/StaffManagement.jsx:61
/admin/staff,PUT,/api/v2/people/${encodeURIComponent(email)},frontend/src/App.jsx:89,frontend/src/components/admin/StaffManagement.jsx:82
/admin/staff,POST,/api/v2/import/staff,frontend/src/App.jsx:89,frontend/src/components/admin/StaffManagement.jsx:103
/admin/settings,GET,/api/v2/admin/settings,frontend/src/App.jsx:90,frontend/src/components/admin/Settings.jsx:29
/admin/settings,PUT,/api/v2/admin/settings,frontend/src/App.jsx:90,frontend/src/components/admin/Settings.jsx:65
/admin/settings,POST,/api/v2/admin/settings,frontend/src/App.jsx:90,frontend/src/components/admin/Settings.jsx:69
/admin/objections,GET,/api/v2/objections,frontend/src/App.jsx:91,frontend/src/components/admin/Objections.jsx:20
/admin/objections,POST,/api/v2/objections/${id}/resolve,frontend/src/App.jsx:91,frontend/src/components/admin/Objections.jsx:32
/admin/announcements,GET,/api/v2/announcements,frontend/src/App.jsx:92,frontend/src/components/admin/Announcements.jsx:28
/admin/announcements,POST,/api/v2/announcements,frontend/src/App.jsx:92,frontend/src/components/admin/Announcements.jsx:53
/admin/announcements,PUT,/api/v2/announcements/${id},frontend/src/App.jsx:92,frontend/src/components/admin/Announcements.jsx:71
/admin/announcements,DELETE,/api/v2/announcements/${id},frontend/src/App.jsx:92,frontend/src/components/admin/Announcements.jsx:86
/admin/import,POST,/api/v2/import/staff,frontend/src/App.jsx:93,frontend/src/components/admin/BulkImport.jsx:39
/admin/import,POST,/api/v2/import/eom-voters,frontend/src/App.jsx:93,frontend/src/components/admin/BulkImport.jsx:42
/admin/import,POST,/api/v2/import/eom-candidates,frontend/src/App.jsx:93,frontend/src/components/admin/BulkImport.jsx:49
/admin/import,POST,/api/v2/import/weight-matrix,frontend/src/App.jsx:93,frontend/src/components/admin/BulkImport.jsx:52
/admin/dashboard,GET,/api/v2/admin/dashboard,frontend/src/App.jsx:94,frontend/src/components/admin/ActionItems.jsx:32
/admin/dashboard,GET,/api/v2/objections,frontend/src/App.jsx:94,frontend/src/components/admin/ActionItems.jsx:44
/admin/dashboard,GET,/api/v2/notifications,frontend/src/App.jsx:94,frontend/src/components/admin/ActionItems.jsx:50
/admin/dashboard,POST,/api/v2/notifications/${id}/read,frontend/src/App.jsx:94,frontend/src/components/admin/ActionItems.jsx:105
/admin/dashboard,GET,/api/v2/cycles,frontend/src/App.jsx:94,frontend/src/components/admin/BiasAlerts.jsx:25
/admin/dashboard,GET,/api/v2/bias/reports/${cycleId},frontend/src/App.jsx:94,frontend/src/components/admin/BiasAlerts.jsx:38
/admin/dashboard,GET,/api/v2/admin/dashboard,frontend/src/App.jsx:94,frontend/src/hooks/useAdmin.js:17
/admin/dashboard,GET,/api/v2/admin/dashboard/overview-cards,frontend/src/App.jsx:94,frontend/src/hooks/useAdmin.js:32
/admin/dashboard,GET,/api/v2/admin/dashboard/real-time-metrics,frontend/src/App.jsx:94,frontend/src/hooks/useAdmin.js:47
/admin/dashboard,GET,/api/v2/admin/dashboard/identity-analytics,frontend/src/App.jsx:94,frontend/src/hooks/useAdmin.js:62
/admin/integration,GET,/api/v2/integration/evaluation-bridge,frontend/src/App.jsx:95,frontend/src/hooks/useIntegration.js:14
/admin/integration,POST,/api/v2/integration/hr/setup,frontend/src/App.jsx:95,frontend/src/hooks/useIntegration.js:27
/admin/integration,POST,/api/v2/integration/sync/staff,frontend/src/App.jsx:95,frontend/src/hooks/useIntegration.js:34
/admin/integration,POST,/api/v2/integration/sync/evaluation,frontend/src/App.jsx:95,frontend/src/hooks/useIntegration.js:41
/reports,GET,/api/v2/cycles,frontend/src/App.jsx:96,frontend/src/components/reports/Reports.jsx:38
/reports,GET,/api/v2/surveys,frontend/src/App.jsx:96,frontend/src/components/reports/Reports.jsx:43
/reports,GET,/api/v2/reports/ceo/${cycleId},frontend/src/App.jsx:96,frontend/src/components/reports/Reports.jsx:61
/reports,POST,/api/v2/reports/ceo/export,frontend/src/App.jsx:96,frontend/src/components/reports/Reports.jsx:70
/reports,GET,/api/v2/reports/bias/${cycleId},frontend/src/App.jsx:96,frontend/src/components/reports/Reports.jsx:92
/reports,GET,/api/v2/reports/participation/${cycleId},frontend/src/App.jsx:96,frontend/src/components/reports/Reports.jsx:115
/reports,GET,/api/v2/surveys/${surveyId}/analytics,frontend/src/App.jsx:96,frontend/src/components/reports/Reports.jsx:137
/history,GET,/api/v2/audit-logs,frontend/src/App.jsx:97,frontend/src/components/history/History.jsx:36
/notifications,GET,/api/v2/notifications,frontend/src/App.jsx:98,frontend/src/hooks/useNotifications.js:54
/notifications,GET,/api/v2/notifications/unread-count,frontend/src/App.jsx:98,frontend/src/hooks/useNotifications.js:70
/notifications,POST,/api/v2/notifications/${id}/read,frontend/src/App.jsx:98,frontend/src/hooks/useNotifications.js:84
/notifications,POST,/api/v2/notifications/read-all,frontend/src/App.jsx:98,frontend/src/hooks/useNotifications.js:98
/notifications,POST,/api/v2/notifications/mark-read,frontend/src/App.jsx:98,frontend/src/hooks/useNotifications.js:111
/survey,GET,/api/v2/surveys,frontend/src/App.jsx:99,frontend/src/components/survey/SurveyList.jsx:27
/survey/create,POST,/api/v2/surveys,frontend/src/App.jsx:100,frontend/src/components/survey/SurveyCreate.jsx:52
/survey/create,GET,/api/v2/survey-templates/comprehensive,frontend/src/App.jsx:100,frontend/src/hooks/useSurveyTemplates.js:15
/survey/create,GET,/api/v2/survey-templates/section/${category},frontend/src/App.jsx:100,frontend/src/hooks/useSurveyTemplates.js:30
/survey/:surveyId,GET,/api/v2/surveys/${id},frontend/src/App.jsx:101,frontend/src/components/survey/SurveySession.jsx:42
/survey/:surveyId,GET,/api/v2/surveys/${surveyId}/questions,frontend/src/App.jsx:101,frontend/src/components/survey/SurveySession.jsx:43
/survey/:surveyId,POST,/api/v2/survey/identity/preference,frontend/src/App.jsx:101,frontend/src/components/survey/SurveySession.jsx:80
/survey/:surveyId,POST,/api/v2/hybrid-identity/initialize-session,frontend/src/App.jsx:101,frontend/src/components/survey/SurveySession.jsx:91
/survey/:surveyId,POST,/api/v2/hybrid-identity/create-survey-session,frontend/src/App.jsx:101,frontend/src/components/survey/SurveySession.jsx:104
/survey/:surveyId,POST,/api/v2/hybrid-identity/submit-response,frontend/src/App.jsx:101,frontend/src/components/survey/SurveySession.jsx:149
/survey/:surveyId,POST,/api/v2/surveys/responses,frontend/src/App.jsx:101,frontend/src/components/survey/SurveySession.jsx:169
/survey/:surveyId,GET,/api/v2/survey/identity/status/${userEmail},frontend/src/App.jsx:101,frontend/src/hooks/useIdentityPreferences.js:19
/survey/:surveyId,POST,/api/v2/survey/identity/preference,frontend/src/App.jsx:101,frontend/src/hooks/useIdentityPreferences.js:33
/survey/:surveyId/edit,GET,/api/v2/surveys,frontend/src/App.jsx:102,frontend/src/hooks/useSurvey.js:17
/survey/:surveyId/edit,GET,/api/v2/surveys/${id},frontend/src/App.jsx:102,frontend/src/hooks/useSurvey.js:32
/survey/:surveyId/edit,GET,/api/v2/surveys/${surveyId}/questions,frontend/src/App.jsx:102,frontend/src/hooks/useSurvey.js:47
/survey/:surveyId/edit,GET,/api/v2/surveys/${surveyId}/analytics,frontend/src/App.jsx:102,frontend/src/hooks/useSurvey.js:62
/survey/:surveyId/edit,POST,/api/v2/surveys,frontend/src/App.jsx:102,frontend/src/hooks/useSurvey.js:75
/survey/:surveyId/edit,PUT,/api/v2/surveys/${id},frontend/src/App.jsx:102,frontend/src/hooks/useSurvey.js:82
/survey/:surveyId/edit,POST,/api/v2/hybrid-identity/initialize-session,frontend/src/App.jsx:102,frontend/src/hooks/useSurvey.js:89
/survey/:surveyId/edit,POST,/api/v2/hybrid-identity/create-survey-session,frontend/src/App.jsx:102,frontend/src/hooks/useSurvey.js:95
/survey/:surveyId/edit,POST,/api/v2/hybrid-identity/submit-response,frontend/src/App.jsx:102,frontend/src/hooks/useSurvey.js:101
/survey/:surveyId/questions,GET,/api/v2/surveys,frontend/src/App.jsx:103,frontend/src/hooks/useSurvey.js:17
/survey/:surveyId/questions,GET,/api/v2/surveys/${id},frontend/src/App.jsx:103,frontend/src/hooks/useSurvey.js:32
/survey/:surveyId/questions,GET,/api/v2/surveys/${surveyId}/questions,frontend/src/App.jsx:103,frontend/src/hooks/useSurvey.js:47
/survey/:surveyId/questions,GET,/api/v2/surveys/${surveyId}/analytics,frontend/src/App.jsx:103,frontend/src/hooks/useSurvey.js:62
/survey/:surveyId/questions,POST,/api/v2/surveys,frontend/src/App.jsx:103,frontend/src/hooks/useSurvey.js:75
/survey/:surveyId/questions,PUT,/api/v2/surveys/${id},frontend/src/App.jsx:103,frontend/src/hooks/useSurvey.js:82
/survey/:surveyId/questions,POST,/api/v2/hybrid-identity/initialize-session,frontend/src/App.jsx:103,frontend/src/hooks/useSurvey.js:89
/survey/:surveyId/questions,POST,/api/v2/hybrid-identity/create-survey-session,frontend/src/App.jsx:103,frontend/src/hooks/useSurvey.js:95
/survey/:surveyId/questions,POST,/api/v2/hybrid-identity/submit-response,frontend/src/App.jsx:103,frontend/src/hooks/useSurvey.js:101
/survey/:surveyId/responses,GET,/api/v2/surveys/${id},frontend/src/App.jsx:104,frontend/src/components/survey/SurveyResponseReview.jsx:40
/survey/:surveyId/responses,GET,/api/v2/surveys/${surveyId}/questions,frontend/src/App.jsx:104,frontend/src/components/survey/SurveyResponseReview.jsx:41
/survey/:surveyId/responses,GET,/api/v2/surveys/${surveyId}/responses,frontend/src/App.jsx:104,frontend/src/components/survey/SurveyResponseReview.jsx:42
/survey/:surveyId/analytics,GET,/api/v2/surveys/${id},frontend/src/App.jsx:105,frontend/src/components/survey/SurveyAnalytics.jsx:34
/survey/:surveyId/analytics,GET,/api/v2/surveys/${surveyId}/analytics,frontend/src/App.jsx:105,frontend/src/components/survey/SurveyAnalytics.jsx:35
/survey/test/:surveyId?,POST,/api/v2/hybrid-identity/initialize-session,frontend/src/App.jsx:106,frontend/src/components/survey/IdentityModeTest.jsx:42
/survey/test/:surveyId?,POST,/api/v2/hybrid-identity/switch-mode,frontend/src/App.jsx:106,frontend/src/components/survey/IdentityModeTest.jsx:85
/survey/test/:surveyId?,GET,/api/v2/survey/identity/status/${userEmail},frontend/src/App.jsx:106,frontend/src/hooks/useIdentityPreferences.js:19
/survey/test/:surveyId?,POST,/api/v2/survey/identity/preference,frontend/src/App.jsx:106,frontend/src/hooks/useIdentityPreferences.js:33
